WKT,name,description
"POLYGON ((106.7869912 -6.3658068, 106.7475091 -6.3794549, 106.740986 -6.4081146, 106.7324029 -6.4285849, 106.7605554 -6.4313142, 106.7725717 -6.4446193, 106.803814 -6.4511012, 106.8240701 -6.4667938, 106.8546258 -6.4678172, 106.8896447 -6.420738, 106.8903314 -6.4064087, 106.8838082 -6.4009498, 106.8741952 -6.3961733, 106.8662988 -6.3794549, 106.8295632 -6.3774077, 106.7869912 -6.3658068))",Depok, Jawa Barat,
